tenant_id,position_date,opening_balance,total_inflows,total_outflows,closing_balance
demo_business_001,2024-08-20,23000.0,530.8,0.0,23530.8
demo_business_001,2024-08-21,23530.8,409.65,0.0,23940.45
demo_business_001,2024-08-22,23940.45,365.15,0.0,24305.6
demo_business_001,2024-08-23,24305.6,613.7,0.0,24919.3
demo_business_001,2024-08-24,24919.3,690.05,3803.75,21805.6
demo_business_001,2024-08-25,21805.6,559.8,0.0,22365.4
demo_business_001,2024-08-26,22365.4,405.4,0.0,22770.8
demo_business_001,2024-08-27,22770.8,448.85,2689.84,20529.81
demo_business_001,2024-08-28,20529.81,487.7,0.0,21017.51
demo_business_001,2024-08-29,21017.51,602.3,0.0,21619.81
demo_business_001,2024-08-30,21619.81,653.75,0.0,22273.56
demo_business_001,2024-08-31,22273.56,668.0,0.0,22941.56
demo_business_001,2024-09-01,22941.56,739.25,4230.0,19450.81
demo_business_001,2024-09-02,19450.81,361.9,0.0,19812.71
demo_business_001,2024-09-03,19812.71,393.6,0.0,20206.31
demo_business_001,2024-09-04,20206.31,442.1,0.0,20648.41
demo_business_001,2024-09-05,20648.41,514.35,0.0,21162.76
demo_business_001,2024-09-06,21162.76,473.8,0.0,21636.56
demo_business_001,2024-09-07,21636.56,655.65,3816.89,18475.32
demo_business_001,2024-09-08,18475.32,735.35,0.0,19210.67
demo_business_001,2024-09-09,19210.67,412.9,0.0,19623.57
demo_business_001,2024-09-10,19623.57,584.5,2633.65,17574.42
demo_business_001,2024-09-11,17574.42,404.4,0.0,17978.82
demo_business_001,2024-09-12,17978.82,578.8,0.0,18557.62
demo_business_001,2024-09-13,18557.62,625.5,0.0,19183.12
demo_business_001,2024-09-14,19183.12,571.05,0.0,19754.17
demo_business_001,2024-09-15,19754.17,632.15,0.0,20386.32
demo_business_001,2024-09-16,20386.32,505.55,0.0,20891.87
demo_business_001,2024-09-17,20891.87,402.45,0.0,21294.32
demo_business_001,2024-09-18,21294.32,397.1,0.0,21691.42
demo_business_001,2024-09-19,21691.42,358.15,0.0,22049.57
demo_business_001,2024-09-20,22049.57,663.05,0.0,22712.62
demo_business_001,2024-09-21,22712.62,608.45,3830.02,19491.05
demo_business_001,2024-09-22,19491.05,588.0,0.0,20079.05
demo_business_001,2024-09-23,20079.05,429.7,0.0,20508.75
demo_business_001,2024-09-24,20508.75,474.95,2604.37,18379.33
demo_business_001,2024-09-25,18379.33,429.6,0.0,18808.93
demo_business_001,2024-09-26,18808.93,476.6,0.0,19285.53
demo_business_001,2024-09-27,19285.53,577.65,0.0,19863.18
demo_business_001,2024-09-28,19863.18,876.5,0.0,20739.68
demo_business_001,2024-09-29,20739.68,535.7,0.0,21275.38
demo_business_001,2024-09-30,21275.38,479.15,0.0,21754.53
demo_business_001,2024-10-01,21754.53,516.45,4230.0,18040.98
demo_business_001,2024-10-02,18040.98,467.95,0.0,18508.93
demo_business_001,2024-10-03,18508.93,359.6,0.0,18868.53
demo_business_001,2024-10-04,18868.53,414.85,0.0,19283.38
demo_business_001,2024-10-05,19283.38,619.65,3843.16,16059.87
demo_business_001,2024-10-06,16059.87,605.65,0.0,16665.52
demo_business_001,2024-10-07,16665.52,358.65,0.0,17024.17
demo_business_001,2024-10-08,17024.17,302.35,2663.41,14663.11
demo_business_001,2024-10-09,14663.11,422.85,0.0,15085.96
demo_business_001,2024-10-10,15085.96,537.25,0.0,15623.21
demo_business_001,2024-10-11,15623.21,536.6,0.0,16159.81
demo_business_001,2024-10-12,16159.81,995.9,0.0,17155.71
demo_business_001,2024-10-13,17155.71,609.15,0.0,17764.86
demo_business_001,2024-10-14,17764.86,310.65,0.0,18075.51
demo_business_001,2024-10-15,18075.51,477.55,0.0,18553.06
demo_business_001,2024-10-16,18553.06,438.15,0.0,18991.21
demo_business_001,2024-10-17,18991.21,602.05,0.0,19593.26
demo_business_001,2024-10-18,19593.26,679.25,0.0,20272.51
demo_business_001,2024-10-19,20272.51,794.75,3856.3,17210.96
demo_business_001,2024-10-20,17210.96,594.35,0.0,17805.31
demo_business_001,2024-10-21,17805.31,416.85,0.0,18222.16
demo_business_001,2024-10-22,18222.16,505.3,2523.58,16203.88
demo_business_001,2024-10-23,16203.88,341.0,0.0,16544.88
demo_business_001,2024-10-24,16544.88,481.4,0.0,17026.28
demo_business_001,2024-10-25,17026.28,599.55,0.0,17625.83
demo_business_001,2024-10-26,17625.83,790.95,0.0,18416.78
demo_business_001,2024-10-27,18416.78,513.2,0.0,18929.98
demo_business_001,2024-10-28,18929.98,390.75,0.0,19320.73
demo_business_001,2024-10-29,19320.73,388.55,0.0,19709.28
demo_business_001,2024-10-30,19709.28,546.35,0.0,20255.63
demo_business_001,2024-10-31,20255.63,260.95,0.0,20516.58
demo_business_001,2024-11-01,20516.58,842.3,4230.0,17128.88
demo_business_001,2024-11-02,17128.88,810.2,3869.43,14069.65
demo_business_001,2024-11-03,14069.65,687.8,0.0,14757.45
demo_business_001,2024-11-04,14757.45,529.45,0.0,15286.9
demo_business_001,2024-11-05,15286.9,379.6,3279.21,12387.29
demo_business_001,2024-11-06,12387.29,496.0,0.0,12883.29
demo_business_001,2024-11-07,12883.29,584.15,0.0,13467.44
demo_business_001,2024-11-08,13467.44,634.65,0.0,14102.09
demo_business_001,2024-11-09,14102.09,997.7,0.0,15099.79
demo_business_001,2024-11-10,15099.79,627.6,0.0,15727.39
demo_business_001,2024-11-11,15727.39,386.4,0.0,16113.79
demo_business_001,2024-11-12,16113.79,528.2,0.0,16641.99
demo_business_001,2024-11-13,16641.99,2479.95,0.0,19121.94
demo_business_001,2024-11-14,19121.94,670.3,0.0,19792.24
demo_business_001,2024-11-15,19792.24,742.1,0.0,20534.34
demo_business_001,2024-11-16,20534.34,927.9,3882.57,17579.67
demo_business_001,2024-11-17,17579.67,588.95,0.0,18168.62
demo_business_001,2024-11-18,18168.62,602.55,0.0,18771.17
demo_business_001,2024-11-19,18771.17,505.8,3340.97,15936.0
demo_business_001,2024-11-20,15936.0,588.45,0.0,16524.45
demo_business_001,2024-11-21,16524.45,620.3,0.0,17144.75
demo_business_001,2024-11-22,17144.75,736.85,0.0,17881.6
demo_business_001,2024-11-23,17881.6,911.1,0.0,18792.7
demo_business_001,2024-11-24,18792.7,642.0,0.0,19434.7
demo_business_001,2024-11-25,19434.7,369.1,0.0,19803.8
demo_business_001,2024-11-26,19803.8,426.5,0.0,20230.3
demo_business_001,2024-11-27,20230.3,990.35,0.0,21220.65
demo_business_001,2024-11-28,21220.65,477.15,0.0,21697.8
demo_business_001,2024-11-29,21697.8,711.0,0.0,22408.8
demo_business_001,2024-11-30,22408.8,973.55,3895.7,19486.65
demo_business_001,2024-12-01,19486.65,1066.05,4287.0,16265.7
demo_business_001,2024-12-02,16265.7,710.05,0.0,16975.75
demo_business_001,2024-12-03,16975.75,518.65,3716.33,13778.07
demo_business_001,2024-12-04,13778.07,622.15,0.0,14400.22
demo_business_001,2024-12-05,14400.22,666.15,0.0,15066.37
demo_business_001,2024-12-06,15066.37,983.35,0.0,16049.72
demo_business_001,2024-12-07,16049.72,989.9,0.0,17039.62
demo_business_001,2024-12-08,17039.62,735.95,0.0,17775.57
demo_business_001,2024-12-09,17775.57,651.0,0.0,18426.57
demo_business_001,2024-12-10,18426.57,1491.9,0.0,19918.47
demo_business_001,2024-12-11,19918.47,604.25,0.0,20522.72
demo_business_001,2024-12-12,20522.72,753.6,0.0,21276.32
demo_business_001,2024-12-13,21276.32,678.45,0.0,21954.77
demo_business_001,2024-12-14,21954.77,760.85,3908.84,18806.78
demo_business_001,2024-12-15,18806.78,837.25,0.0,19644.03
demo_business_001,2024-12-16,19644.03,700.2,0.0,20344.23
demo_business_001,2024-12-17,20344.23,822.25,3433.86,17732.62
demo_business_001,2024-12-18,17732.62,508.75,0.0,18241.37
demo_business_001,2024-12-19,18241.37,715.3,0.0,18956.67
demo_business_001,2024-12-20,18956.67,711.95,0.0,19668.62
demo_business_001,2024-12-21,19668.62,811.25,0.0,20479.87
demo_business_001,2024-12-22,20479.87,740.25,0.0,21220.12
demo_business_001,2024-12-23,21220.12,392.5,0.0,21612.62
demo_business_001,2024-12-24,21612.62,540.0,0.0,22152.62
demo_business_001,2024-12-25,22152.62,513.95,0.0,22666.57
demo_business_001,2024-12-26,22666.57,1245.3,0.0,23911.87
demo_business_001,2024-12-27,23911.87,671.45,0.0,24583.32
demo_business_001,2024-12-28,24583.32,916.8,3921.98,21578.14
demo_business_001,2024-12-29,21578.14,895.05,0.0,22473.19
demo_business_001,2024-12-30,22473.19,392.1,0.0,22865.29
demo_business_001,2024-12-31,22865.29,523.7,3736.04,19652.95
demo_business_001,2025-01-01,19652.95,294.45,4287.0,15660.4
demo_business_001,2025-01-02,15660.4,378.55,0.0,16038.95
demo_business_001,2025-01-03,16038.95,436.75,0.0,16475.7
demo_business_001,2025-01-04,16475.7,550.55,0.0,17026.25
demo_business_001,2025-01-05,17026.25,403.5,0.0,17429.75
demo_business_001,2025-01-06,17429.75,401.45,0.0,17831.2
demo_business_001,2025-01-07,17831.2,257.6,0.0,18088.8
demo_business_001,2025-01-08,18088.8,285.25,0.0,18374.05
demo_business_001,2025-01-09,18374.05,262.65,0.0,18636.7
demo_business_001,2025-01-10,18636.7,479.45,0.0,19116.15
demo_business_001,2025-01-11,19116.15,385.0,3935.11,15566.04
demo_business_001,2025-01-12,15566.04,494.4,0.0,16060.44
demo_business_001,2025-01-13,16060.44,1479.0,0.0,17539.44
demo_business_001,2025-01-14,17539.44,347.5,1902.1,15984.84
demo_business_001,2025-01-15,15984.84,248.45,0.0,16233.29
demo_business_001,2025-01-16,16233.29,318.1,0.0,16551.39
demo_business_001,2025-01-17,16551.39,243.55,0.0,16794.94
demo_business_001,2025-01-18,16794.94,355.15,0.0,17150.09
demo_business_001,2025-01-19,17150.09,464.7,0.0,17614.79
demo_business_001,2025-01-20,17614.79,393.3,0.0,18008.09
demo_business_001,2025-01-21,18008.09,210.95,0.0,18219.04
demo_business_001,2025-01-22,18219.04,322.7,0.0,18541.74
demo_business_001,2025-01-23,18541.74,347.6,0.0,18889.34
demo_business_001,2025-01-24,18889.34,490.25,0.0,19379.59
demo_business_001,2025-01-25,19379.59,467.65,3948.25,15898.99
demo_business_001,2025-01-26,15898.99,343.0,0.0,16241.99
demo_business_001,2025-01-27,16241.99,215.65,0.0,16457.64
demo_business_001,2025-01-28,16457.64,439.2,1753.34,15143.5
demo_business_001,2025-01-29,15143.5,382.6,0.0,15526.1
demo_business_001,2025-01-30,15526.1,239.6,0.0,15765.7
demo_business_001,2025-01-31,15765.7,730.95,0.0,16496.65
demo_business_001,2025-02-01,16496.65,623.35,4230.0,12890.0
demo_business_001,2025-02-02,12890.0,489.65,0.0,13379.65
demo_business_001,2025-02-03,13379.65,1188.55,0.0,14568.2
demo_business_001,2025-02-04,14568.2,273.75,0.0,14841.95
demo_business_001,2025-02-05,14841.95,284.2,0.0,15126.15
demo_business_001,2025-02-06,15126.15,228.25,0.0,15354.4
demo_business_001,2025-02-07,15354.4,463.15,0.0,15817.55
demo_business_001,2025-02-08,15817.55,519.4,3961.38,12375.57
demo_business_001,2025-02-09,12375.57,447.95,0.0,12823.52
demo_business_001,2025-02-10,12823.52,864.05,0.0,13687.57
demo_business_001,2025-02-11,13687.57,372.75,1792.03,12268.29
demo_business_001,2025-02-12,12268.29,770.7,0.0,13038.99
demo_business_001,2025-02-13,13038.99,362.95,0.0,13401.94
demo_business_001,2025-02-14,13401.94,379.75,0.0,13781.69
demo_business_001,2025-02-15,13781.69,585.85,0.0,14367.54
demo_business_001,2025-02-16,14367.54,488.5,0.0,14856.04
demo_business_001,2025-02-17,14856.04,257.15,0.0,15113.19
demo_business_001,2025-02-18,15113.19,329.8,0.0,15442.99
demo_business_001,2025-02-19,15442.99,519.0,0.0,15961.99
demo_business_001,2025-02-20,15961.99,299.75,0.0,16261.74
demo_business_001,2025-02-21,16261.74,439.7,0.0,16701.44
demo_business_001,2025-02-22,16701.44,720.2,3974.52,13447.12
demo_business_001,2025-02-23,13447.12,393.2,0.0,13840.32
demo_business_001,2025-02-24,13840.32,218.25,0.0,14058.57
demo_business_001,2025-02-25,14058.57,290.1,1780.92,12567.75
demo_business_001,2025-02-26,12567.75,200.9,0.0,12768.65
demo_business_001,2025-02-27,12768.65,246.65,0.0,13015.3
demo_business_001,2025-02-28,13015.3,376.0,0.0,13391.3
demo_business_001,2025-03-01,13391.3,617.15,4230.0,9778.45
demo_business_001,2025-03-02,9778.45,427.1,0.0,10205.55
demo_business_001,2025-03-03,10205.55,325.7,0.0,10531.25
demo_business_001,2025-03-04,10531.25,328.25,0.0,10859.5
demo_business_001,2025-03-05,10859.5,424.7,0.0,11284.2
demo_business_001,2025-03-06,11284.2,377.9,0.0,11662.1
demo_business_001,2025-03-07,11662.1,561.15,0.0,12223.25
demo_business_001,2025-03-08,12223.25,669.8,3987.65,8905.4
demo_business_001,2025-03-09,8905.4,410.95,0.0,9316.35
demo_business_001,2025-03-10,9316.35,501.6,0.0,9817.95
demo_business_001,2025-03-11,9817.95,227.9,2060.24,7985.61
demo_business_001,2025-03-12,7985.61,255.7,0.0,8241.31
demo_business_001,2025-03-13,8241.31,417.45,0.0,8658.76
demo_business_001,2025-03-14,8658.76,454.25,0.0,9113.01
demo_business_001,2025-03-15,9113.01,718.85,0.0,9831.86
demo_business_001,2025-03-16,9831.86,1099.1,0.0,10930.96
demo_business_001,2025-03-17,10930.96,411.55,0.0,11342.51
demo_business_001,2025-03-18,11342.51,732.05,0.0,12074.56
demo_business_001,2025-03-19,12074.56,314.5,0.0,12389.06
demo_business_001,2025-03-20,12389.06,550.8,0.0,12939.86
demo_business_001,2025-03-21,12939.86,610.2,0.0,13550.06
demo_business_001,2025-03-22,13550.06,489.2,4000.79,10038.47
demo_business_001,2025-03-23,10038.47,703.1,0.0,10741.57
demo_business_001,2025-03-24,10741.57,335.8,0.0,11077.37
demo_business_001,2025-03-25,11077.37,285.85,2420.0,8943.22
demo_business_001,2025-03-26,8943.22,414.8,0.0,9358.02
demo_business_001,2025-03-27,9358.02,478.4,0.0,9836.42
demo_business_001,2025-03-28,9836.42,696.35,0.0,10532.77
demo_business_001,2025-03-29,10532.77,536.75,0.0,11069.52
demo_business_001,2025-03-30,11069.52,584.05,0.0,11653.57
demo_business_001,2025-03-31,11653.57,386.0,0.0,12039.57
demo_business_001,2025-04-01,12039.57,355.6,4230.0,8165.17
demo_business_001,2025-04-02,8165.17,524.25,0.0,8689.42
demo_business_001,2025-04-03,8689.42,394.6,0.0,9084.02
demo_business_001,2025-04-04,9084.02,523.0,0.0,9607.02
demo_business_001,2025-04-05,9607.02,1337.9,4013.93,6930.99
demo_business_001,2025-04-06,6930.99,420.2,0.0,7351.19
demo_business_001,2025-04-07,7351.19,484.8,0.0,7835.99
demo_business_001,2025-04-08,7835.99,334.15,2303.26,5866.88
demo_business_001,2025-04-09,5866.88,385.35,0.0,6252.23
demo_business_001,2025-04-10,6252.23,508.45,0.0,6760.68
demo_business_001,2025-04-11,6760.68,1075.35,0.0,7836.03
demo_business_001,2025-04-12,7836.03,732.35,0.0,8568.38
demo_business_001,2025-04-13,8568.38,477.95,0.0,9046.33
demo_business_001,2025-04-14,9046.33,588.45,0.0,9634.78
demo_business_001,2025-04-15,9634.78,452.7,0.0,10087.48
demo_business_001,2025-04-16,10087.48,544.1,0.0,10631.58
demo_business_001,2025-04-17,10631.58,471.0,0.0,11102.58
demo_business_001,2025-04-18,11102.58,737.55,0.0,11840.13
demo_business_001,2025-04-19,11840.13,867.35,4027.06,8680.42
demo_business_001,2025-04-20,8680.42,448.45,0.0,9128.87
demo_business_001,2025-04-21,9128.87,465.95,0.0,9594.82
demo_business_001,2025-04-22,9594.82,391.5,2687.23,7299.09
demo_business_001,2025-04-23,7299.09,623.7,0.0,7922.79
demo_business_001,2025-04-24,7922.79,471.35,0.0,8394.14
demo_business_001,2025-04-25,8394.14,435.8,0.0,8829.94
demo_business_001,2025-04-26,8829.94,653.85,0.0,9483.79
demo_business_001,2025-04-27,9483.79,644.05,0.0,10127.84
demo_business_001,2025-04-28,10127.84,639.65,0.0,10767.49
demo_business_001,2025-04-29,10767.49,422.35,0.0,11189.84
demo_business_001,2025-04-30,11189.84,408.45,0.0,11598.29
demo_business_001,2025-05-01,11598.29,843.95,4230.0,8212.24
demo_business_001,2025-05-02,8212.24,1514.8,0.0,9727.04
demo_business_001,2025-05-03,9727.04,684.45,4040.2,6371.29
demo_business_001,2025-05-04,6371.29,584.55,0.0,6955.84
demo_business_001,2025-05-05,6955.84,1735.65,0.0,8691.49
demo_business_001,2025-05-06,8691.49,483.15,2497.08,6677.56
demo_business_001,2025-05-07,6677.56,456.15,0.0,7133.71
demo_business_001,2025-05-08,7133.71,531.0,0.0,7664.71
demo_business_001,2025-05-09,7664.71,411.8,0.0,8076.51
demo_business_001,2025-05-10,8076.51,694.9,0.0,8771.41
demo_business_001,2025-05-11,8771.41,1450.85,0.0,10222.26
demo_business_001,2025-05-12,10222.26,217.15,0.0,10439.41
demo_business_001,2025-05-13,10439.41,532.8,0.0,10972.21
demo_business_001,2025-05-14,10972.21,468.3,0.0,11440.51
demo_business_001,2025-05-15,11440.51,420.3,0.0,11860.81
demo_business_001,2025-05-16,11860.81,1098.35,0.0,12959.16
demo_business_001,2025-05-17,12959.16,657.3,4053.33,9563.13
demo_business_001,2025-05-18,9563.13,1018.85,0.0,10581.98
demo_business_001,2025-05-19,10581.98,382.6,0.0,10964.58
demo_business_001,2025-05-20,10964.58,550.35,2870.46,8644.47
demo_business_001,2025-05-21,8644.47,1071.7,0.0,9716.17
demo_business_001,2025-05-22,9716.17,424.05,0.0,10140.22
demo_business_001,2025-05-23,10140.22,561.05,0.0,10701.27
demo_business_001,2025-05-24,10701.27,700.7,0.0,11401.97
demo_business_001,2025-05-25,11401.97,560.75,0.0,11962.72
demo_business_001,2025-05-26,11962.72,334.8,0.0,12297.52
demo_business_001,2025-05-27,12297.52,516.55,0.0,12814.07
demo_business_001,2025-05-28,12814.07,1233.0,0.0,14047.07
demo_business_001,2025-05-29,14047.07,523.35,0.0,14570.42
demo_business_001,2025-05-30,14570.42,597.0,0.0,15167.42
demo_business_001,2025-05-31,15167.42,687.75,4066.47,11788.7
demo_business_001,2025-06-01,11788.7,850.1,4230.0,8408.8
demo_business_001,2025-06-02,8408.8,514.9,0.0,8923.7
demo_business_001,2025-06-03,8923.7,381.4,2918.75,6386.35
demo_business_001,2025-06-04,6386.35,456.9,0.0,6843.25
demo_business_001,2025-06-05,6843.25,653.0,0.0,7496.25
demo_business_001,2025-06-06,7496.25,610.75,0.0,8107.0
demo_business_001,2025-06-07,8107.0,724.35,0.0,8831.35
demo_business_001,2025-06-08,8831.35,874.6,0.0,9705.95
demo_business_001,2025-06-09,9705.95,467.1,0.0,10173.05
demo_business_001,2025-06-10,10173.05,470.9,0.0,10643.95
demo_business_001,2025-06-11,10643.95,374.95,0.0,11018.9
demo_business_001,2025-06-12,11018.9,622.95,0.0,11641.85
demo_business_001,2025-06-13,11641.85,664.45,0.0,12306.3
demo_business_001,2025-06-14,12306.3,774.55,4079.6,9001.25
demo_business_001,2025-06-15,9001.25,848.8,0.0,9850.05
demo_business_001,2025-06-16,9850.05,482.55,0.0,10332.6
demo_business_001,2025-06-17,10332.6,393.5,2758.15,7967.95
demo_business_001,2025-06-18,7967.95,662.1,0.0,8630.05
demo_business_001,2025-06-19,8630.05,613.65,0.0,9243.7
demo_business_001,2025-06-20,9243.7,1701.15,0.0,10944.85
demo_business_001,2025-06-21,10944.85,838.3,0.0,11783.15
demo_business_001,2025-06-22,11783.15,856.85,0.0,12640.0
demo_business_001,2025-06-23,12640.0,842.8,0.0,13482.8
demo_business_001,2025-06-24,13482.8,765.7,0.0,14248.5
demo_business_001,2025-06-25,14248.5,438.95,0.0,14687.45
demo_business_001,2025-06-26,14687.45,700.3,0.0,15387.75
demo_business_001,2025-06-27,15387.75,710.35,0.0,16098.1
demo_business_001,2025-06-28,16098.1,751.0,4092.74,12756.36
demo_business_001,2025-06-29,12756.36,512.9,0.0,13269.26
demo_business_001,2025-06-30,13269.26,523.7,0.0,13792.96
demo_business_001,2025-07-01,13792.96,492.8,7221.88,7063.88
demo_business_001,2025-07-02,7063.88,403.45,0.0,7467.33
demo_business_001,2025-07-03,7467.33,503.65,0.0,7970.98
demo_business_001,2025-07-04,7970.98,789.2,0.0,8760.18
demo_business_001,2025-07-05,8760.18,847.3,0.0,9607.48
demo_business_001,2025-07-06,9607.48,518.35,0.0,10125.83
demo_business_001,2025-07-07,10125.83,633.05,0.0,10758.88
demo_business_001,2025-07-08,10758.88,1041.4,0.0,11800.28
demo_business_001,2025-07-09,11800.28,661.25,0.0,12461.53
demo_business_001,2025-07-10,12461.53,737.7,0.0,13199.23
demo_business_001,2025-07-11,13199.23,691.95,0.0,13891.18
demo_business_001,2025-07-12,13891.18,931.85,4105.88,10717.15
demo_business_001,2025-07-13,10717.15,656.3,0.0,11373.45
demo_business_001,2025-07-14,11373.45,542.2,0.0,11915.65
demo_business_001,2025-07-15,11915.65,499.6,2935.64,9479.61
demo_business_001,2025-07-16,9479.61,512.25,0.0,9991.86
demo_business_001,2025-07-17,9991.86,438.15,0.0,10430.01
demo_business_001,2025-07-18,10430.01,635.3,0.0,11065.31
demo_business_001,2025-07-19,11065.31,665.0,0.0,11730.31
demo_business_001,2025-07-20,11730.31,721.0,0.0,12451.31
demo_business_001,2025-07-21,12451.31,364.15,0.0,12815.46
demo_business_001,2025-07-22,12815.46,348.4,0.0,13163.86
demo_business_001,2025-07-23,13163.86,570.15,0.0,13734.01
demo_business_001,2025-07-24,13734.01,679.4,0.0,14413.41
demo_business_001,2025-07-25,14413.41,2231.85,0.0,16645.26
demo_business_001,2025-07-26,16645.26,1062.1,4119.01,13588.35
demo_business_001,2025-07-27,13588.35,885.35,0.0,14473.7
demo_business_001,2025-07-28,14473.7,375.8,0.0,14849.5
demo_business_001,2025-07-29,14849.5,434.35,2913.14,12370.71
demo_business_001,2025-07-30,12370.71,527.55,0.0,12898.26
demo_business_001,2025-07-31,12898.26,1285.45,0.0,14183.71
demo_business_001,2025-08-01,14183.71,625.8,4287.0,10522.51
demo_business_001,2025-08-02,10522.51,2516.4,0.0,13038.91
demo_business_001,2025-08-03,13038.91,1099.45,0.0,14138.36
demo_business_001,2025-08-04,14138.36,430.1,0.0,14568.46
demo_business_001,2025-08-05,14568.46,348.15,0.0,14916.61
demo_business_001,2025-08-06,14916.61,1547.75,0.0,16464.36
demo_business_001,2025-08-07,16464.36,622.75,0.0,17087.11
demo_business_001,2025-08-08,17087.11,876.1,0.0,17963.21
demo_business_001,2025-08-09,17963.21,828.25,4132.15,14659.31
demo_business_001,2025-08-10,14659.31,636.9,0.0,15296.21
demo_business_001,2025-08-11,15296.21,495.6,0.0,15791.81
demo_business_001,2025-08-12,15791.81,645.05,3042.77,13394.09
demo_business_001,2025-08-13,13394.09,484.25,0.0,13878.34
demo_business_001,2025-08-14,13878.34,2631.1,0.0,16509.44
demo_business_001,2025-08-15,16509.44,581.75,0.0,17091.19
demo_business_001,2025-08-16,17091.19,653.55,0.0,17744.74
demo_business_001,2025-08-17,17744.74,599.85,0.0,18344.59
demo_business_001,2025-08-18,18344.59,385.1,0.0,18729.69
demo_business_001,2025-08-19,18729.69,452.2,0.0,19181.89
demo_business_001,2025-08-20,19181.89,522.0,0.0,19703.89
demo_business_001,2025-08-21,19703.89,585.6,0.0,20289.49
demo_business_001,2025-08-22,20289.49,751.8,0.0,21041.29
demo_business_001,2025-08-23,21041.29,884.3,4145.28,17780.31
demo_business_001,2025-08-24,17780.31,899.7,0.0,18680.01
demo_business_001,2025-08-25,18680.01,564.8,0.0,19244.81
demo_business_001,2025-08-26,19244.81,866.35,2676.04,17435.12
demo_business_001,2025-08-27,17435.12,830.15,0.0,18265.27
demo_business_001,2025-08-28,18265.27,505.95,0.0,18771.22
demo_business_001,2025-08-29,18771.22,653.3,0.0,19424.52
demo_business_001,2025-08-30,19424.52,1955.5,0.0,21380.02
demo_business_001,2025-08-31,21380.02,617.45,0.0,21997.47
demo_business_001,2025-09-01,21997.47,435.1,4230.0,18202.57
demo_business_001,2025-09-02,18202.57,884.95,0.0,19087.52
demo_business_001,2025-09-03,19087.52,529.25,0.0,19616.77
demo_business_001,2025-09-04,19616.77,547.9,0.0,20164.67
demo_business_001,2025-09-05,20164.67,623.55,0.0,20788.22
demo_business_001,2025-09-06,20788.22,2576.8,4158.42,19206.6
demo_business_001,2025-09-07,19206.6,703.2,0.0,19909.8
demo_business_001,2025-09-08,19909.8,651.35,0.0,20561.15
demo_business_001,2025-09-09,20561.15,424.25,2934.73,18050.67
demo_business_001,2025-09-10,18050.67,1241.6,0.0,19292.27
demo_business_001,2025-09-11,19292.27,1058.9,0.0,20351.17
demo_business_001,2025-09-12,20351.17,1358.75,0.0,21709.92
demo_business_001,2025-09-13,21709.92,707.8,0.0,22417.72
demo_business_001,2025-09-14,22417.72,806.8,0.0,23224.52
demo_business_001,2025-09-15,23224.52,450.1,0.0,23674.62
demo_business_001,2025-09-16,23674.62,473.25,0.0,24147.87
demo_business_001,2025-09-17,24147.87,723.0,0.0,24870.87
demo_business_001,2025-09-18,24870.87,562.4,0.0,25433.27
demo_business_001,2025-09-19,25433.27,489.9,0.0,25923.17
demo_business_001,2025-09-20,25923.17,622.95,4171.56,22374.56
demo_business_001,2025-09-21,22374.56,1905.6,0.0,24280.16
demo_business_001,2025-09-22,24280.16,369.15,0.0,24649.31
demo_business_001,2025-09-23,24649.31,449.8,3142.22,21956.89
demo_business_001,2025-09-24,21956.89,425.8,0.0,22382.69
demo_business_001,2025-09-25,22382.69,717.05,0.0,23099.74
demo_business_001,2025-09-26,23099.74,1403.95,0.0,24503.69
demo_business_001,2025-09-27,24503.69,738.3,0.0,25241.99
demo_business_001,2025-09-28,25241.99,719.85,0.0,25961.84
demo_business_001,2025-09-29,25961.84,1114.65,0.0,27076.49
demo_business_001,2025-09-30,27076.49,442.85,0.0,27519.34
demo_business_001,2025-10-01,27519.34,1381.2,4230.0,24670.54
demo_business_001,2025-10-02,24670.54,418.55,0.0,25089.09
demo_business_001,2025-10-03,25089.09,618.9,0.0,25707.99
demo_business_001,2025-10-04,25707.99,1272.7,4184.69,22796.0
demo_business_001,2025-10-05,22796.0,637.7,0.0,23433.7
demo_business_001,2025-10-06,23433.7,2367.55,0.0,25801.25
demo_business_001,2025-10-07,25801.25,366.5,2834.29,23333.46
demo_business_001,2025-10-08,23333.46,464.2,23000.0,797.66
demo_business_001,2025-10-09,797.66,499.05,0.0,1296.71
demo_business_001,2025-10-10,1296.71,493.15,0.0,1789.86
demo_business_001,2025-10-11,1789.86,3051.45,0.0,4841.31
demo_business_001,2025-10-12,4841.31,1100.45,0.0,5941.76
demo_business_001,2025-10-13,5941.76,2152.25,0.0,8094.01
demo_business_001,2025-10-14,8094.01,404.95,0.0,8498.96
demo_business_001,2025-10-15,8498.96,699.35,0.0,9198.31
demo_business_001,2025-10-16,9198.31,805.2,0.0,10003.51
demo_business_001,2025-10-17,10003.51,672.4,0.0,10675.91
demo_business_001,2025-10-18,10675.91,649.45,4197.83,7127.53
demo_business_001,2025-10-19,7127.53,568.1,0.0,7695.63
demo_business_001,2025-10-20,7695.63,401.1,0.0,8096.73
demo_business_001,2025-10-21,8096.73,550.45,2925.37,5721.81
demo_business_001,2025-10-22,5721.81,320.6,0.0,6042.41
demo_business_001,2025-10-23,6042.41,399.6,0.0,6442.01
demo_business_001,2025-10-24,6442.01,611.85,0.0,7053.86
demo_business_001,2025-10-25,7053.86,601.7,0.0,7655.56
demo_business_001,2025-10-26,7655.56,838.95,0.0,8494.51
demo_business_001,2025-10-27,8494.51,467.0,0.0,8961.51
demo_business_001,2025-10-28,8961.51,1502.85,0.0,10464.36
demo_business_001,2025-10-29,10464.36,694.35,0.0,11158.71
demo_business_001,2025-10-30,11158.71,442.3,0.0,11601.01
demo_business_001,2025-10-31,11601.01,734.7,0.0,12335.71
demo_business_001,2025-11-01,12335.71,1234.7,8440.96,5129.45
demo_business_001,2025-11-02,5129.45,788.0,0.0,5917.45
demo_business_001,2025-11-03,5917.45,1643.8,0.0,7561.25
demo_business_001,2025-11-04,7561.25,544.15,3066.69,5038.71
demo_business_001,2025-11-05,5038.71,456.2,0.0,5494.91
demo_business_001,2025-11-06,5494.91,958.85,0.0,6453.76
demo_business_001,2025-11-07,6453.76,839.55,0.0,7293.31
demo_business_001,2025-11-08,7293.31,1984.15,0.0,9277.46
demo_business_001,2025-11-09,9277.46,876.7,0.0,10154.16
demo_business_001,2025-11-10,10154.16,475.35,0.0,10629.51
demo_business_001,2025-11-11,10629.51,450.9,0.0,11080.41
demo_business_001,2025-11-12,11080.41,1023.4,0.0,12103.81
demo_business_001,2025-11-13,12103.81,563.75,0.0,12667.56
demo_business_001,2025-11-14,12667.56,694.1,0.0,13361.66
demo_business_001,2025-11-15,13361.66,1952.85,4224.1,11090.41
demo_business_001,2025-11-16,11090.41,723.05,0.0,11813.46
demo_business_001,2025-11-17,11813.46,354.45,0.0,12167.91
demo_business_001,2025-11-18,12167.91,442.5,3556.08,9054.33
demo_business_001,2025-11-19,9054.33,534.8,0.0,9589.13
demo_business_001,2025-11-20,9589.13,754.65,0.0,10343.78
demo_business_001,2025-11-21,10343.78,911.05,0.0,11254.83
demo_business_001,2025-11-22,11254.83,782.75,0.0,12037.58
demo_business_001,2025-11-23,12037.58,841.6,0.0,12879.18
demo_business_001,2025-11-24,12879.18,514.8,0.0,13393.98
demo_business_001,2025-11-25,13393.98,451.0,0.0,13844.98
demo_business_001,2025-11-26,13844.98,478.1,0.0,14323.08
demo_business_001,2025-11-27,14323.08,1425.15,0.0,15748.23
demo_business_001,2025-11-28,15748.23,1406.85,0.0,17155.08
demo_business_001,2025-11-29,17155.08,1017.1,4237.23,13934.95
demo_business_001,2025-11-30,13934.95,2093.9,0.0,16028.85
demo_business_001,2025-12-01,16028.85,550.05,4287.0,12291.9
demo_business_001,2025-12-02,12291.9,471.15,3822.45,8940.6
demo_business_001,2025-12-03,8940.6,691.85,0.0,9632.45
demo_business_001,2025-12-04,9632.45,657.65,0.0,10290.1
demo_business_001,2025-12-05,10290.1,925.1,0.0,11215.2
demo_business_001,2025-12-06,11215.2,859.15,0.0,12074.35
demo_business_001,2025-12-07,12074.35,1295.0,0.0,13369.35
demo_business_001,2025-12-08,13369.35,1469.7,0.0,14839.05
demo_business_001,2025-12-09,14839.05,1065.5,0.0,15904.55
demo_business_001,2025-12-10,15904.55,565.95,0.0,16470.5
demo_business_001,2025-12-11,16470.5,767.65,0.0,17238.15
demo_business_001,2025-12-12,17238.15,1150.8,0.0,18388.95
demo_business_001,2025-12-13,18388.95,1049.25,4250.37,15187.83
demo_business_001,2025-12-14,15187.83,970.9,0.0,16158.73
demo_business_001,2025-12-15,16158.73,796.9,0.0,16955.63
demo_business_001,2025-12-16,16955.63,2323.7,3388.02,15891.31
demo_business_001,2025-12-17,15891.31,635.25,0.0,16526.56
demo_business_001,2025-12-18,16526.56,2061.7,0.0,18588.26
demo_business_001,2025-12-19,18588.26,807.75,0.0,19396.01
demo_business_001,2025-12-20,19396.01,1022.2,0.0,20418.21
demo_business_001,2025-12-21,20418.21,936.45,0.0,21354.66
demo_business_001,2025-12-22,21354.66,500.1,0.0,21854.76
demo_business_001,2025-12-23,21854.76,532.25,0.0,22387.01
demo_business_001,2025-12-24,22387.01,526.35,0.0,22913.36
demo_business_001,2025-12-25,22913.36,850.35,0.0,23763.71
demo_business_001,2025-12-26,23763.71,912.55,0.0,24676.26
demo_business_001,2025-12-27,24676.26,1148.75,4263.51,21561.5
demo_business_001,2025-12-28,21561.5,638.15,0.0,22199.65
demo_business_001,2025-12-29,22199.65,670.8,0.0,22870.45
demo_business_001,2025-12-30,22870.45,789.55,4016.04,19643.96
demo_business_001,2025-12-31,19643.96,623.8,0.0,20267.76
demo_business_001,2026-01-01,20267.76,511.8,4287.0,16492.56
demo_business_001,2026-01-02,16492.56,344.35,0.0,16836.91
demo_business_001,2026-01-03,16836.91,1941.8,0.0,18778.71
demo_business_001,2026-01-04,18778.71,540.35,0.0,19319.06
demo_business_001,2026-01-05,19319.06,864.25,0.0,20183.31
demo_business_001,2026-01-06,20183.31,358.55,0.0,20541.86
demo_business_001,2026-01-07,20541.86,2282.55,0.0,22824.41
demo_business_001,2026-01-08,22824.41,474.7,0.0,23299.11
demo_business_001,2026-01-09,23299.11,392.75,0.0,23691.86
demo_business_001,2026-01-10,23691.86,1310.45,4276.64,20725.67
demo_business_001,2026-01-11,20725.67,376.7,0.0,21102.37
demo_business_001,2026-01-12,21102.37,177.8,0.0,21280.17
demo_business_001,2026-01-13,21280.17,369.9,2090.73,19559.34
demo_business_001,2026-01-14,19559.34,306.3,0.0,19865.64
demo_business_001,2026-01-15,19865.64,1198.45,0.0,21064.09
demo_business_001,2026-01-16,21064.09,515.85,0.0,21579.94
demo_business_001,2026-01-17,21579.94,425.4,0.0,22005.34
demo_business_001,2026-01-18,22005.34,407.25,0.0,22412.59
demo_business_001,2026-01-19,22412.59,258.85,0.0,22671.44
demo_business_001,2026-01-20,22671.44,344.1,0.0,23015.54
demo_business_001,2026-01-21,23015.54,467.85,0.0,23483.39
demo_business_001,2026-01-22,23483.39,995.55,0.0,24478.94
demo_business_001,2026-01-23,24478.94,414.75,0.0,24893.69
demo_business_001,2026-01-24,24893.69,1310.35,4289.78,21914.26
demo_business_001,2026-01-25,21914.26,482.25,0.0,22396.51
demo_business_001,2026-01-26,22396.51,263.7,0.0,22660.21
demo_business_001,2026-01-27,22660.21,314.0,1836.41,21137.8
demo_business_001,2026-01-28,21137.8,1633.0,0.0,22770.8
demo_business_001,2026-01-29,22770.8,428.4,0.0,23199.2
demo_business_001,2026-01-30,23199.2,509.5,0.0,23708.7
demo_business_001,2026-01-31,23708.7,560.65,0.0,24269.35
demo_business_001,2026-02-01,24269.35,419.65,4230.0,20459.0
demo_business_001,2026-02-02,20459.0,2096.55,0.0,22555.55
demo_business_001,2026-02-03,22555.55,313.85,0.0,22869.4
demo_business_001,2026-02-04,22869.4,220.0,0.0,23089.4
demo_business_001,2026-02-05,23089.4,608.15,0.0,23697.55
demo_business_001,2026-02-06,23697.55,563.9,0.0,24261.45
demo_business_001,2026-02-07,24261.45,688.15,4302.91,20646.69
demo_business_001,2026-02-08,20646.69,502.7,0.0,21149.39
demo_business_001,2026-02-09,21149.39,328.9,0.0,21478.29
demo_business_001,2026-02-10,21478.29,854.65,2242.7,20090.24
demo_business_001,2026-02-11,20090.24,803.4,0.0,20893.64
demo_business_001,2026-02-12,20893.64,491.75,0.0,21385.39
demo_business_001,2026-02-13,21385.39,345.65,0.0,21731.04
demo_business_001,2026-02-14,21731.04,598.75,0.0,22329.79
demo_business_001,2026-02-15,22329.79,1213.4,0.0,23543.19
demo_business_001,2026-02-16,23543.19,820.45,0.0,24363.64
demo_business_001,2026-02-17,24363.64,449.85,0.0,24813.49
demo_business_001,2026-02-18,24813.49,314.7,0.0,25128.19
demo_business_001,2026-02-19,25128.19,430.0,0.0,25558.19
demo_business_001,2026-02-20,25558.19,558.1,0.0,26116.29
demo_business_001,2026-02-21,26116.29,653.6,4316.05,22453.84
demo_business_001,2026-02-22,22453.84,576.4,0.0,23030.24
demo_business_001,2026-02-23,23030.24,349.25,0.0,23379.49
demo_business_001,2026-02-24,23379.49,388.4,2335.01,21432.88
demo_business_001,2026-02-25,21432.88,238.65,0.0,21671.53
demo_business_001,2026-02-26,21671.53,393.8,0.0,22065.33
demo_business_001,2026-02-27,22065.33,450.25,0.0,22515.58
demo_business_001,2026-02-28,22515.58,684.55,0.0,23200.13
demo_business_001,2026-03-01,23200.13,442.35,4230.0,19412.48
demo_business_001,2026-03-02,19412.48,281.4,0.0,19693.88
demo_business_001,2026-03-03,19693.88,394.65,0.0,20088.53
demo_business_001,2026-03-04,20088.53,428.45,0.0,20516.98
demo_business_001,2026-03-05,20516.98,766.25,0.0,21283.23
demo_business_001,2026-03-06,21283.23,889.75,0.0,22172.98
demo_business_001,2026-03-07,22172.98,783.05,4329.19,18626.84
demo_business_001,2026-03-08,18626.84,414.65,0.0,19041.49
demo_business_001,2026-03-09,19041.49,450.0,0.0,19491.49
demo_business_001,2026-03-10,19491.49,1006.35,2536.17,17961.67
demo_business_001,2026-03-11,17961.67,3272.55,0.0,21234.22
demo_business_001,2026-03-12,21234.22,540.2,0.0,21774.42
demo_business_001,2026-03-13,21774.42,1518.75,0.0,23293.17
demo_business_001,2026-03-14,23293.17,1066.0,0.0,24359.17
demo_business_001,2026-03-15,24359.17,514.0,0.0,24873.17
demo_business_001,2026-03-16,24873.17,432.35,0.0,25305.52
demo_business_001,2026-03-17,25305.52,485.1,0.0,25790.62
demo_business_001,2026-03-18,25790.62,474.95,0.0,26265.57
demo_business_001,2026-03-19,26265.57,410.4,0.0,26675.97
demo_business_001,2026-03-20,26675.97,412.85,0.0,27088.82
demo_business_001,2026-03-21,27088.82,871.3,4342.32,23617.8
demo_business_001,2026-03-22,23617.8,475.45,0.0,24093.25
demo_business_001,2026-03-23,24093.25,247.95,0.0,24341.2
demo_business_001,2026-03-24,24341.2,1121.15,2641.12,22821.23
demo_business_001,2026-03-25,22821.23,589.45,0.0,23410.68
demo_business_001,2026-03-26,23410.68,513.05,0.0,23923.73
demo_business_001,2026-03-27,23923.73,785.9,0.0,24709.63
demo_business_001,2026-03-28,24709.63,560.9,0.0,25270.53
demo_business_001,2026-03-29,25270.53,648.35,0.0,25918.88
demo_business_001,2026-03-30,25918.88,1448.15,0.0,27367.03
demo_business_001,2026-03-31,27367.03,571.7,0.0,27938.73
demo_business_001,2026-04-01,27938.73,577.65,4230.0,24286.38
demo_business_001,2026-04-02,24286.38,624.7,0.0,24911.08
demo_business_001,2026-04-03,24911.08,654.6,0.0,25565.68
demo_business_001,2026-04-04,25565.68,796.7,4355.46,22006.92
demo_business_001,2026-04-05,22006.92,866.25,0.0,22873.17
demo_business_001,2026-04-06,22873.17,383.95,0.0,23257.12
demo_business_001,2026-04-07,23257.12,372.6,2891.81,20737.91
demo_business_001,2026-04-08,20737.91,537.75,0.0,21275.66
demo_business_001,2026-04-09,21275.66,577.75,0.0,21853.41
demo_business_001,2026-04-10,21853.41,641.4,0.0,22494.81
demo_business_001,2026-04-11,22494.81,1083.25,0.0,23578.06
demo_business_001,2026-04-12,23578.06,540.55,0.0,24118.61
demo_business_001,2026-04-13,24118.61,590.7,0.0,24709.31
demo_business_001,2026-04-14,24709.31,1394.8,0.0,26104.11
demo_business_001,2026-04-15,26104.11,343.7,0.0,26447.81
demo_business_001,2026-04-16,26447.81,463.6,0.0,26911.41
demo_business_001,2026-04-17,26911.41,645.0,0.0,27556.41
demo_business_001,2026-04-18,27556.41,653.7,4368.59,23841.52
demo_business_001,2026-04-19,23841.52,528.75,0.0,24370.27
demo_business_001,2026-04-20,24370.27,333.35,0.0,24703.62
demo_business_001,2026-04-21,24703.62,665.2,2973.78,22395.04
demo_business_001,2026-04-22,22395.04,685.55,0.0,23080.59
demo_business_001,2026-04-23,23080.59,624.8,0.0,23705.39
demo_business_001,2026-04-24,23705.39,826.35,0.0,24531.74
demo_business_001,2026-04-25,24531.74,999.0,0.0,25530.74
demo_business_001,2026-04-26,25530.74,641.35,0.0,26172.09
demo_business_001,2026-04-27,26172.09,482.35,0.0,26654.44
demo_business_001,2026-04-28,26654.44,483.25,0.0,27137.69
demo_business_001,2026-04-29,27137.69,493.35,0.0,27631.04
demo_business_001,2026-04-30,27631.04,554.8,0.0,28185.84
demo_business_001,2026-05-01,28185.84,776.9,4230.0,24732.74
demo_business_001,2026-05-02,24732.74,926.35,4381.73,21277.36
demo_business_001,2026-05-03,21277.36,1132.35,0.0,22409.71
demo_business_001,2026-05-04,22409.71,354.2,0.0,22763.91
demo_business_001,2026-05-05,22763.91,434.25,2685.52,20512.64
demo_business_001,2026-05-06,20512.64,436.55,0.0,20949.19
demo_business_001,2026-05-07,20949.19,426.2,0.0,21375.39
demo_business_001,2026-05-08,21375.39,1706.5,0.0,23081.89
demo_business_001,2026-05-09,23081.89,644.75,0.0,23726.64
demo_business_001,2026-05-10,23726.64,1445.7,0.0,25172.34
demo_business_001,2026-05-11,25172.34,372.65,0.0,25544.99
demo_business_001,2026-05-12,25544.99,625.95,0.0,26170.94
demo_business_001,2026-05-13,26170.94,535.25,0.0,26706.19
demo_business_001,2026-05-14,26706.19,938.65,0.0,27644.84
demo_business_001,2026-05-15,27644.84,721.2,0.0,28366.04
demo_business_001,2026-05-16,28366.04,885.7,4394.86,24856.88
demo_business_001,2026-05-17,24856.88,626.95,0.0,25483.83
demo_business_001,2026-05-18,25483.83,860.1,0.0,26343.93
demo_business_001,2026-05-19,26343.93,607.95,2820.71,24131.17
demo_business_001,2026-05-20,24131.17,411.4,0.0,24542.57
demo_business_001,2026-05-21,24542.57,565.45,0.0,25108.02
demo_business_001,2026-05-22,25108.02,623.0,0.0,25731.02
demo_business_001,2026-05-23,25731.02,674.8,0.0,26405.82
demo_business_001,2026-05-24,26405.82,661.1,0.0,27066.92
demo_business_001,2026-05-25,27066.92,421.55,0.0,27488.47
demo_business_001,2026-05-26,27488.47,376.6,0.0,27865.07
demo_business_001,2026-05-27,27865.07,549.35,0.0,28414.42
demo_business_001,2026-05-28,28414.42,564.6,0.0,28979.02
demo_business_001,2026-05-29,28979.02,851.2,0.0,29830.22
demo_business_001,2026-05-30,29830.22,2093.4,4408.0,27515.62
demo_business_001,2026-05-31,27515.62,821.3,0.0,28336.92
demo_business_001,2026-06-01,28336.92,676.75,4230.0,24783.67
demo_business_001,2026-06-02,24783.67,551.5,3139.27,22195.9
demo_business_001,2026-06-03,22195.9,424.1,0.0,22620.0
demo_business_001,2026-06-04,22620.0,432.9,0.0,23052.9
demo_business_001,2026-06-05,23052.9,2552.9,0.0,25605.8
demo_business_001,2026-06-06,25605.8,813.5,0.0,26419.3
demo_business_001,2026-06-07,26419.3,802.0,0.0,27221.3
demo_business_001,2026-06-08,27221.3,388.75,0.0,27610.05
demo_business_001,2026-06-09,27610.05,506.3,0.0,28116.35
demo_business_001,2026-06-10,28116.35,2190.1,0.0,30306.45
demo_business_001,2026-06-11,30306.45,595.95,0.0,30902.4
demo_business_001,2026-06-12,30902.4,929.6,0.0,31832.0
demo_business_001,2026-06-13,31832.0,1039.75,4421.14,28450.61
demo_business_001,2026-06-14,28450.61,813.0,0.0,29263.61
demo_business_001,2026-06-15,29263.61,571.65,0.0,29835.26
demo_business_001,2026-06-16,29835.26,353.9,3341.69,26847.47
demo_business_001,2026-06-17,26847.47,623.45,0.0,27470.92
demo_business_001,2026-06-18,27470.92,679.1,0.0,28150.02
demo_business_001,2026-06-19,28150.02,1088.15,0.0,29238.17
demo_business_001,2026-06-20,29238.17,1707.35,0.0,30945.52
demo_business_001,2026-06-21,30945.52,622.4,0.0,31567.92
demo_business_001,2026-06-22,31567.92,368.55,0.0,31936.47
demo_business_001,2026-06-23,31936.47,670.6,0.0,32607.07
demo_business_001,2026-06-24,32607.07,1941.45,0.0,34548.52
demo_business_001,2026-06-25,34548.52,567.3,0.0,35115.82
demo_business_001,2026-06-26,35115.82,722.8,0.0,35838.62
demo_business_001,2026-06-27,35838.62,966.95,4434.27,32371.3
demo_business_001,2026-06-28,32371.3,667.25,0.0,33038.55
demo_business_001,2026-06-29,33038.55,314.8,0.0,33353.35
demo_business_001,2026-06-30,33353.35,482.65,3309.4,30526.6
demo_business_001,2026-07-01,30526.6,437.9,4287.0,26677.5
demo_business_001,2026-07-02,26677.5,926.2,0.0,27603.7
demo_business_001,2026-07-03,27603.7,957.45,0.0,28561.15
demo_business_001,2026-07-04,28561.15,829.9,0.0,29391.05
demo_business_001,2026-07-05,29391.05,1126.5,0.0,30517.55
demo_business_001,2026-07-06,30517.55,642.85,0.0,31160.4
demo_business_001,2026-07-07,31160.4,544.95,0.0,31705.35
demo_business_001,2026-07-08,31705.35,598.2,0.0,32303.55
demo_business_001,2026-07-09,32303.55,685.3,0.0,32988.85
demo_business_001,2026-07-10,32988.85,1037.0,0.0,34025.85
demo_business_001,2026-07-11,34025.85,1473.9,4447.41,31052.34
demo_business_001,2026-07-12,31052.34,523.05,0.0,31575.39
demo_business_001,2026-07-13,31575.39,562.05,0.0,32137.44
demo_business_001,2026-07-14,32137.44,517.7,3342.02,29313.12
demo_business_001,2026-07-15,29313.12,3328.1,0.0,32641.22
demo_business_001,2026-07-16,32641.22,634.15,0.0,33275.37
demo_business_001,2026-07-17,33275.37,886.45,0.0,34161.82
demo_business_001,2026-07-18,34161.82,1811.75,0.0,35973.57
demo_business_001,2026-07-19,35973.57,577.65,0.0,36551.22
demo_business_001,2026-07-20,36551.22,609.85,0.0,37161.07
demo_business_001,2026-07-21,37161.07,2248.25,0.0,39409.32
demo_business_001,2026-07-22,39409.32,481.15,0.0,39890.47
demo_business_001,2026-07-23,39890.47,2791.3,0.0,42681.77
demo_business_001,2026-07-24,42681.77,3600.9,0.0,46282.67
demo_business_001,2026-07-25,46282.67,832.65,4460.54,42654.78
demo_business_001,2026-07-26,42654.78,704.95,0.0,43359.73
demo_business_001,2026-07-27,43359.73,579.35,0.0,43939.08
demo_business_001,2026-07-28,43939.08,562.4,3673.55,40827.93
demo_business_001,2026-07-29,40827.93,557.55,0.0,41385.48
demo_business_001,2026-07-30,41385.48,665.8,0.0,42051.28
demo_business_001,2026-07-31,42051.28,651.3,0.0,42702.58
demo_business_001,2026-08-01,42702.58,676.85,4287.0,39092.43
demo_business_001,2026-08-02,39092.43,497.25,0.0,39589.68
demo_business_001,2026-08-03,39589.68,683.6,0.0,40273.28
demo_business_001,2026-08-04,40273.28,1234.6,0.0,41507.88
demo_business_001,2026-08-05,41507.88,475.95,0.0,41983.83
demo_business_001,2026-08-06,41983.83,422.7,0.0,42406.53
demo_business_001,2026-08-07,42406.53,583.25,0.0,42989.78
demo_business_001,2026-08-08,42989.78,1254.2,4473.68,39770.3
demo_business_001,2026-08-09,39770.3,798.55,0.0,40568.85
demo_business_001,2026-08-10,40568.85,493.15,0.0,41062.0
demo_business_001,2026-08-11,41062.0,721.25,3360.48,38422.77
demo_business_001,2026-08-12,38422.77,651.3,0.0,39074.07
demo_business_001,2026-08-13,39074.07,432.35,0.0,39506.42
demo_business_001,2026-08-14,39506.42,816.2,0.0,40322.62
demo_business_001,2026-08-15,40322.62,831.75,0.0,41154.37
demo_business_001,2026-08-16,41154.37,1049.05,0.0,42203.42
demo_business_001,2026-08-17,42203.42,814.25,0.0,43017.67
demo_business_001,2026-08-18,43017.67,496.7,0.0,43514.37
demo_business_001,2026-08-19,43514.37,1923.85,0.0,45438.22
